incident_id,incident_category,incident_subtype,severity_1_5,city,state,start_time,end_time,duration_hours,population_affected_est,injuries_est,fatalities_est,structures_threatened,structures_damaged,acres_burned,wind_mph,precip_inches,temperature_f,evacuation_order_issued,evac_population_est,hospital_diversion_flag,firetrucks_dispatched_engines,ambulances_dispatched
INC-20241009-0001,Fire,Structure Fire,3,Portland,OR,2024-10-09T11:00,2024-10-09T15:00,4,4185,5,0,10,6,0,,,,0,0,1,5,0
INC-20230906-0002,Infrastructure,Water Main Break,2,Atlanta,GA,2023-09-06T07:00,2023-09-06T09:00,2,1750,0,0,0,0,0,,,,0,0,0,0,3
INC-20220301-0003,Public Health,Disease Outbreak,4,Sacramento,CA,2022-03-01T07:00,2022-03-07T06:00,143,684,2,0,0,0,0,,,,0,0,0,0,60
INC-20230115-0004,Fire,Brush Fire,4,Charlotte,NC,2023-01-15T12:00,2023-01-19T05:00,89,2948,6,5,18,4,317.2,,,,1,42144,1,5,1
INC-20230625-0005,Weather,Ice Storm,4,Sacramento,CA,2023-06-25T04:00,2023-06-26T10:00,30,4636,5,0,0,0,0,57,2.42,32,1,56132,1,0,14
INC-20220526-0007,Weather,Heatwave,3,Atlanta,GA,2022-05-26T06:00,2022-06-05T05:00,239,969,4,0,0,0,0,24,0.46,95,0,0,1,0,8
INC-20220405-0008,Fire,Warehouse Fire,3,Seattle,WA,2022-04-05T11:00,2022-04-05T23:00,12,1044,7,0,5,4,0,,,,0,0,0,9,1
INC-20220329-0009,Weather,Severe Thunderstorm,3,Seattle,WA,2022-03-29T10:00,2022-03-29T13:00,3,1383,10,0,0,0,0,47,1.76,57,0,0,0,0,15
INC-20230710-0010,Weather,Ice Storm,3,Boston,MA,2023-07-10T18:00,2023-07-11T18:00,24,2631,6,0,0,0,0,36,1.97,-2,0,0,0,0,20
INC-20240122-0011,Fire,Warehouse Fire,2,Charlotte,NC,2024-01-22T09:00,2024-01-22T16:00,7,80,7,0,2,0,0,,,,0,0,0,13,3
INC-20230801-0012,Infrastructure,Bridge Collapse,4,Minneapolis,MN,2023-08-01T13:00,2023-08-02T10:00,21,516,12,0,0,0,0,,,,0,0,0,0,0
INC-20240323-0013,Weather,Tropical Storm,2,Seattle,WA,2024-03-23T10:00,2024-03-31T14:00,196,3876,5,0,0,0,0,126,2.72,70,0,0,0,8,16
INC-20230918-0014,Fire,Structure Fire,2,Minneapolis,MN,2023-09-18T17:00,2023-09-18T19:00,2,562,9,0,4,2,0,,,,0,0,0,7,1
INC-20220302-0016,Infrastructure,Bridge Collapse,2,Seattle,WA,2022-03-02T04:00,2022-03-04T00:00,44,1092,3,0,0,0,0,,,,0,0,0,0,8
INC-20220219-0017,Weather,Heatwave,3,Las Vegas,NV,2022-02-19T04:00,2022-02-26T09:00,173,285,3,0,0,0,0,25,0.49,96,0,0,0,0,15
INC-20241228-0018,Weather,Tornado,3,Las Vegas,NV,2024-12-28T02:00,2024-12-29T06:00,28,2070,11,0,0,0,0,92,4.91,70,0,0,0,0,11
INC-20220202-0019,Weather,Severe Thunderstorm,3,Charlotte,NC,2022-02-02T07:00,2022-02-03T10:00,27,5970,6,0,0,0,0,105,2.7,89,0,0,0,0,16
INC-20240629-0021,Public Health,Disease Outbreak,4,San Diego,CA,2024-06-29T12:00,2024-07-03T05:00,89,1080,6,11,0,0,0,,,,0,0,0,0,67
INC-20221103-0023,Weather,Flash Flood,3,Seattle,WA,2022-11-03T17:00,2022-11-05T18:00,49,2949,2,0,0,0,0,44,10.35,44,0,0,0,0,26
INC-20221026-0024,Fire,Brush Fire,3,Charlotte,NC,2022-10-26T18:00,2022-10-31T08:00,110,336,0,0,31,7,147.2,,,,0,0,0,6,3
INC-20240505-0025,Public Health,Heat Illness Surge,3,Charlotte,NC,2024-05-05T17:00,2024-05-08T21:00,76,1470,2,0,0,0,0,,,,0,0,1,0,40
INC-20220329-0026,Weather,Severe Thunderstorm,4,San Diego,CA,2022-03-29T16:00,2022-03-30T20:00,28,548,8,0,0,0,0,114,5.7,56,0,0,0,0,10
INC-20231026-0027,Public Health,Heat Illness Surge,2,Austin,TX,2023-10-26T01:00,2023-10-30T10:00,105,1676,3,0,0,0,0,,,,0,0,0,0,53
INC-20220705-0028,Fire,Brush Fire,4,Phoenix,AZ,2022-07-05T06:00,2022-07-06T13:00,31,1772,2,0,71,13,92.9,,,,0,0,0,2,0
INC-20240703-0029,Weather,Ice Storm,2,Austin,TX,2024-07-03T00:00,2024-07-06T12:00,84,1068,4,0,0,0,0,48,3.86,2,0,0,0,0,24
INC-20220520-0030,Fire,Industrial Fire,3,Austin,TX,2022-05-20T03:00,2022-05-22T02:00,47,3507,4,0,1,1,0,,,,0,0,1,14,3
INC-20230818-0031,Infrastructure,Water Main Break,2,Portland,OR,2023-08-18T14:00,2023-08-22T13:00,95,2542,5,0,0,0,0,,,,0,0,0,0,9
INC-20240413-0032,Infrastructure,Cyber Outage,3,Austin,TX,2024-04-13T07:00,2024-04-15T04:00,45,1146,2,0,0,0,0,,,,0,0,0,0,4
INC-20220427-0033,Fire,Industrial Fire,3,Atlanta,GA,2022-04-27T21:00,2022-04-29T03:00,30,4272,1,0,8,0,0,,,,0,0,0,12,3
INC-20231003-0036,Fire,High-Rise Fire,4,Seattle,WA,2023-10-03T21:00,2023-10-05T05:00,32,2108,6,0,8,1,0,,,,1,33328,0,11,4
INC-20240124-0038,Weather,Tornado,2,Miami,FL,2024-01-24T15:00,2024-01-25T03:00,12,2452,3,0,0,0,0,76,4.39,84,0,0,0,0,24
INC-20220408-0039,Public Health,Hospital Surge,2,Las Vegas,NV,2022-04-08T11:00,2022-04-10T11:00,48,3396,4,0,0,0,0,,,,0,0,0,0,32
INC-20220905-0041,Infrastructure,Bridge Collapse,4,Atlanta,GA,2022-09-05T19:00,2022-09-09T06:00,83,3888,9,0,0,0,0,,,,0,0,0,0,2
INC-20241103-0043,Infrastructure,Damaged Gas Line,2,Nashville,TN,2024-11-03T15:00,2024-11-04T19:00,28,1198,6,0,0,0,0,,,,0,0,0,0,1
INC-20220508-0044,Fire,Brush Fire,3,Atlanta,GA,2022-05-08T06:00,2022-05-13T01:00,115,750,4,0,238,45,235,,,,0,0,0,5,2
INC-20241211-0045,Infrastructure,Bridge Collapse,3,Minneapolis,MN,2024-12-11T11:00,2024-12-11T13:00,2,3636,2,0,0,0,0,,,,0,0,0,0,7
INC-20240810-0046,Public Health,Hospital Surge,3,Las Vegas,NV,2024-08-10T07:00,2024-08-16T15:00,152,2553,3,0,0,0,0,,,,0,0,0,0,39
INC-20230309-0048,Public Health,Heat Illness Surge,4,Charlotte,NC,2023-03-09T08:00,2023-03-18T21:00,229,1960,12,0,0,0,0,,,,0,0,0,0,38
INC-20230205-0049,Public Health,Mass Casualty,4,Phoenix,AZ,2023-02-05T13:00,2023-02-09T18:00,101,3412,3,2,0,0,0,,,,0,0,1,0,79
INC-20230928-0050,Public Health,Mass Casualty,4,Boston,MA,2023-09-28T05:00,2023-10-05T16:00,179,7780,5,0,0,0,0,,,,0,0,0,0,43
INC-20240220-0051,Weather,Blizzard,3,Seattle,WA,2024-02-20T20:00,2024-02-24T09:00,85,162,10,0,0,0,0,27,0.23,-2,0,0,0,0,15
INC-20240506-0052,Weather,Tropical Storm,2,Minneapolis,MN,2024-05-06T16:00,2024-05-10T23:00,103,1514,3,0,0,0,0,66,3.62,77,0,0,0,10,12
INC-20220607-0053,Public Health,Disease Outbreak,4,Minneapolis,MN,2022-06-07T05:00,2022-06-08T06:00,25,7084,4,0,0,0,0,,,,0,0,0,0,49
INC-20240521-0054,Public Health,Heat Illness Surge,3,San Diego,CA,2024-05-21T19:00,2024-05-23T04:00,33,3834,8,0,0,0,0,,,,0,0,1,0,33
INC-20220608-0055,Public Health,Heat Illness Surge,2,Phoenix,AZ,2022-06-08T13:00,2022-06-11T07:00,66,1878,1,0,0,0,0,,,,0,0,0,0,56
INC-20230712-0056,Infrastructure,Cyber Outage,2,Seattle,WA,2023-07-12T05:00,2023-07-12T11:00,6,1840,9,0,0,0,0,,,,0,0,0,0,8
INC-20240623-0057,Infrastructure,Power Outage,2,Seattle,WA,2024-06-23T21:00,2024-06-27T09:00,84,226,2,0,0,0,0,,,,0,0,0,0,9
INC-20241123-0058,Weather,River Flood,3,Austin,TX,2024-11-23T06:00,2024-11-30T02:00,164,918,9,0,0,0,0,16,2.21,41,0,0,0,0,15
INC-20230905-0059,Fire,Warehouse Fire,3,San Diego,CA,2023-09-05T01:00,2023-09-06T13:00,36,1389,5,0,10,0,0,,,,0,0,0,6,3
INC-20240410-0060,Fire,Hazmat Fire,3,Seattle,WA,2024-04-10T12:00,2024-04-10T14:00,2,3624,3,0,0,0,0,,,,0,0,0,6,3
INC-20230408-0061,Weather,Blizzard,4,Boston,MA,2023-04-08T18:00,2023-04-11T09:00,63,3536,7,0,0,0,0,53,3.71,-1,0,0,1,0,23
INC-20240911-0062,Public Health,Heat Illness Surge,2,Chicago,IL,2024-09-11T11:00,2024-09-14T18:00,79,2386,6,0,0,0,0,,,,0,0,0,0,27
INC-20220109-0064,Public Health,Disease Outbreak,3,Las Vegas,NV,2022-01-09T08:00,2022-01-18T20:00,228,456,2,0,0,0,0,,,,0,0,0,0,66
INC-20230302-0065,Weather,River Flood,3,Sacramento,CA,2023-03-02T11:00,2023-03-09T00:00,157,984,8,0,0,0,0,10,3.99,82,0,0,0,0,22
INC-20231229-0067,Weather,Blizzard,3,Miami,FL,2023-12-29T03:00,2024-01-01T07:00,76,2205,6,0,0,0,0,14,1.71,-3,0,0,0,0,10
INC-20230921-0068,Weather,Extreme Cold,3,Sacramento,CA,2023-09-21T04:00,2023-09-23T02:00,46,2706,6,0,0,0,0,37,0.8,-15,0,0,0,0,18
INC-20221119-0069,Public Health,Hospital Surge,2,Sacramento,CA,2022-11-19T14:00,2022-11-21T09:00,43,646,3,0,0,0,0,,,,0,0,0,0,18
INC-20240530-0071,Public Health,Mass Casualty,3,Sacramento,CA,2024-05-30T04:00,2024-06-05T23:00,163,3594,2,0,0,0,0,,,,0,0,0,0,69
INC-20220522-0072,Fire,Warehouse Fire,3,Miami,FL,2022-05-22T07:00,2022-05-22T16:00,9,1551,3,0,9,8,0,,,,0,0,1,10,2
INC-20220510-0073,Fire,Hazmat Fire,4,Sacramento,CA,2022-05-10T00:00,2022-05-10T05:00,5,7940,0,0,0,0,0,,,,0,0,1,6,2
INC-20240622-0075,Fire,Structure Fire,3,Charlotte,NC,2024-06-22T18:00,2024-06-23T04:00,10,1026,7,0,10,2,0,,,,0,0,0,6,0
INC-20221123-0076,Weather,Heatwave,3,Boston,MA,2022-11-23T13:00,2022-12-03T04:00,231,1221,10,0,0,0,0,11,0.34,113,0,0,0,0,20
INC-20240829-0077,Public Health,Mass Casualty,3,Charlotte,NC,2024-08-29T07:00,2024-09-01T13:00,78,2790,10,0,0,0,0,,,,0,0,0,0,28
INC-20240420-0079,Infrastructure,Damaged Gas Line,2,Minneapolis,MN,2024-04-20T03:00,2024-04-20T15:00,12,632,6,0,0,0,0,,,,0,0,0,0,3
INC-20220403-0081,Fire,Hazmat Fire,2,Portland,OR,2022-04-03T09:00,2022-04-03T16:00,7,1604,1,0,0,0,0,,,,0,0,0,2,2
INC-20240116-0082,Fire,Hazmat Fire,3,Miami,FL,2024-01-16T11:00,2024-01-16T22:00,11,2883,3,0,0,0,0,,,,0,0,1,3,1
INC-20230228-0083,Fire,Hazmat Fire,4,Las Vegas,NV,2023-02-28T08:00,2023-02-28T17:00,9,5336,9,0,0,0,0,,,,1,66008,0,4,2
INC-20220418-0084,Fire,Brush Fire,4,Minneapolis,MN,2022-04-18T18:00,2022-04-22T07:00,85,2444,7,0,78,14,612.6,,,,0,0,1,5,1
INC-20240409-0085,Fire,Vehicle Fire,4,Miami,FL,2024-04-09T12:00,2024-04-09T13:00,1,5324,5,0,0,0,0,,,,0,0,0,1,0
INC-20231208-0086,Weather,Ice Storm,4,Phoenix,AZ,2023-12-08T21:00,2023-12-12T08:00,83,5804,15,0,0,0,0,49,1.29,26,1,71860,0,0,12
INC-20231126-0087,Weather,River Flood,3,San Diego,CA,2023-11-26T14:00,2023-11-28T09:00,43,1482,6,0,0,0,0,40,7.3,69,0,0,0,0,10
INC-20230309-0088,Fire,Vehicle Fire,2,Nashville,TN,2023-03-09T20:00,2023-03-10T04:00,8,544,7,0,0,0,0,,,,0,0,0,3,1
INC-20230418-0089,Public Health,Hospital Surge,3,Miami,FL,2023-04-18T10:00,2023-04-27T16:00,222,5904,4,0,0,0,0,,,,0,0,1,0,58
INC-20230629-0092,Public Health,Disease Outbreak,3,Sacramento,CA,2023-06-29T09:00,2023-07-07T17:00,200,1989,7,0,0,0,0,,,,0,0,1,0,48
INC-20240307-0094,Weather,Severe Thunderstorm,3,Boston,MA,2024-03-07T11:00,2024-03-07T16:00,5,5451,2,0,0,0,0,100,2.07,55,0,0,1,0,16
INC-20240402-0096,Weather,Severe Thunderstorm,4,Minneapolis,MN,2024-04-02T13:00,2024-04-03T23:00,34,5884,7,0,0,0,0,100,3.36,64,0,0,0,0,20
INC-20230329-0097,Fire,Hazmat Fire,2,Boston,MA,2023-03-29T06:00,2023-03-29T13:00,7,2990,6,0,0,0,0,,,,0,0,0,6,2
INC-20231210-0099,Fire,Vehicle Fire,3,Charlotte,NC,2023-12-10T04:00,2023-12-10T13:00,9,3258,6,0,0,0,0,,,,0,0,0,2,2
INC-20240820-0100,Public Health,Disease Outbreak,3,Austin,TX,2024-08-20T10:00,2024-08-28T00:00,182,2172,9,0,0,0,0,,,,0,0,0,0,69
INC-20230201-0101,Public Health,Hospital Surge,2,Chicago,IL,2023-02-01T13:00,2023-02-04T20:00,79,3804,1,0,0,0,0,,,,0,0,0,0,27
INC-20240420-0102,Weather,Tropical Storm,3,Denver,CO,2024-04-20T14:00,2024-04-24T04:00,86,1416,6,0,0,0,0,131,6.19,71,0,0,0,8,23
INC-20240531-0103,Public Health,Disease Outbreak,2,Denver,CO,2024-05-31T20:00,2024-06-10T18:00,238,970,0,0,0,0,0,,,,0,0,0,0,25
INC-20220221-0104,Weather,Flash Flood,2,Boston,MA,2022-02-21T03:00,2022-02-24T19:00,88,1392,2,0,0,0,0,23,6,81,0,0,0,0,10
INC-20241215-0105,Fire,Hazmat Fire,3,Miami,FL,2024-12-15T15:00,2024-12-16T01:00,10,3783,6,0,0,0,0,,,,0,0,0,4,3
INC-20221223-0106,Weather,Hurricane,5,Las Vegas,NV,2022-12-23T01:00,2023-01-01T01:00,216,6010,9,0,0,0,0,138,6.25,89,1,22880,0,3,17
INC-20240816-0107,Public Health,Heat Illness Surge,4,Nashville,TN,2024-08-16T09:00,2024-08-24T16:00,199,1828,7,0,0,0,0,,,,0,0,0,0,72
INC-20231007-0110,Fire,Wildland Fire,5,Atlanta,GA,2023-10-07T12:00,2023-10-08T19:00,31,7515,8,0,97,14,227.1,,,,0,0,0,6,3
INC-20240321-0112,Fire,Wildland Fire,4,Austin,TX,2024-03-21T22:00,2024-03-23T13:00,39,1956,13,0,35,8,497.2,,,,1,8788,1,6,1
INC-20240129-0113,Weather,Blizzard,4,San Diego,CA,2024-01-29T22:00,2024-01-30T16:00,18,5536,5,0,0,0,0,36,0.77,19,0,0,0,0,17
INC-20221215-0114,Infrastructure,Water Main Break,2,Miami,FL,2022-12-15T03:00,2022-12-16T23:00,44,3488,6,0,0,0,0,,,,0,0,0,0,3
INC-20241105-0115,Fire,Industrial Fire,3,Phoenix,AZ,2024-11-05T23:00,2024-11-07T09:00,34,1890,6,0,4,0,0,,,,0,0,0,15,2
INC-20221224-0116,Public Health,Disease Outbreak,3,Atlanta,GA,2022-12-24T02:00,2022-12-29T19:00,137,4962,9,0,0,0,0,,,,0,0,1,0,32
INC-20240126-0117,Fire,High-Rise Fire,4,Miami,FL,2024-01-26T10:00,2024-01-27T08:00,22,3148,7,0,4,3,0,,,,0,0,1,17,3
INC-20220412-0118,Fire,Structure Fire,2,Portland,OR,2022-04-12T11:00,2022-04-12T12:00,1,966,5,0,4,4,0,,,,0,0,0,7,2
INC-20220117-0119,Fire,Brush Fire,2,Phoenix,AZ,2022-01-17T04:00,2022-01-20T07:00,75,1194,4,0,0,0,567.8,,,,0,0,0,6,0
INC-20240722-0120,Weather,Flash Flood,2,Austin,TX,2024-07-22T22:00,2024-07-23T18:00,20,2282,3,0,0,0,0,35,1.62,40,0,0,0,0,21
INC-20221016-0121,Fire,Industrial Fire,4,Las Vegas,NV,2022-10-16T15:00,2022-10-17T12:00,21,7620,7,0,3,2,0,,,,0,0,1,8,2
INC-20231115-0122,Weather,Tropical Storm,3,Chicago,IL,2023-11-15T17:00,2023-11-17T06:00,37,495,3,0,0,0,0,126,9.14,92,0,0,0,8,16
INC-20220423-0123,Weather,Tropical Storm,3,Denver,CO,2022-04-23T00:00,2022-04-25T15:00,63,975,10,0,0,0,0,99,7.7,71,0,0,0,3,22
INC-20220328-0125,Infrastructure,Water Main Break,2,Denver,CO,2022-03-28T09:00,2022-03-30T18:00,57,3224,6,0,0,0,0,,,,0,0,0,0,9
INC-20240426-0126,Infrastructure,Bridge Collapse,4,Phoenix,AZ,2024-04-26T18:00,2024-04-28T14:00,44,6784,9,0,0,0,0,,,,0,0,0,0,9
INC-20241203-0127,Infrastructure,Cyber Outage,2,Denver,CO,2024-12-03T15:00,2024-12-05T10:00,43,1628,0,0,0,0,0,,,,0,0,0,0,2
INC-20240803-0128,Infrastructure,Bridge Collapse,2,Austin,TX,2024-08-03T22:00,2024-08-06T04:00,54,1260,9,0,0,0,0,,,,0,0,0,0,6
INC-20241223-0130,Infrastructure,Bridge Collapse,4,Portland,OR,2024-12-23T02:00,2024-12-23T17:00,15,4220,7,0,0,0,0,,,,0,0,0,0,6
INC-20230722-0131,Fire,High-Rise Fire,2,Boston,MA,2023-07-22T22:00,2023-07-23T09:00,11,1446,2,0,4,4,0,,,,0,0,0,9,3
INC-20230414-0132,Fire,Structure Fire,2,San Diego,CA,2023-04-14T09:00,2023-04-14T20:00,11,3052,4,0,3,2,0,,,,0,0,0,6,3
INC-20231222-0134,Public Health,Heat Illness Surge,3,Seattle,WA,2023-12-22T12:00,2023-12-29T02:00,158,729,2,0,0,0,0,,,,0,0,1,0,30
INC-20220609-0135,Weather,Flash Flood,3,Seattle,WA,2022-06-09T16:00,2022-06-14T03:00,107,2598,10,0,0,0,0,43,2.52,64,0,0,1,0,25
INC-20220114-0136,Fire,Hazmat Fire,4,Nashville,TN,2022-01-14T02:00,2022-01-14T05:00,3,4640,4,0,0,0,0,,,,1,71264,0,3,3
INC-20231129-0137,Infrastructure,Cyber Outage,1,San Diego,CA,2023-11-29T10:00,2023-12-02T13:00,75,1696,5,0,0,0,0,,,,0,0,0,0,8
INC-20220214-0138,Weather,Flash Flood,4,Minneapolis,MN,2022-02-14T00:00,2022-02-17T07:00,79,3636,7,0,0,0,0,12,9.53,55,1,71416,0,0,23
INC-20241021-0139,Fire,Vehicle Fire,4,Atlanta,GA,2024-10-21T03:00,2024-10-21T04:00,1,1076,4,0,0,0,0,,,,0,0,0,3,1
INC-20231205-0140,Fire,Brush Fire,3,Minneapolis,MN,2023-12-05T23:00,2023-12-09T23:00,96,5868,8,0,222,49,4.4,,,,0,0,0,4,3
INC-20240720-0141,Infrastructure,Bridge Collapse,2,Charlotte,NC,2024-07-20T21:00,2024-07-21T04:00,7,1902,3,0,0,0,0,,,,0,0,0,0,7
INC-20230110-0142,Public Health,Hospital Surge,2,Las Vegas,NV,2023-01-10T03:00,2023-01-17T08:00,173,2740,5,0,0,0,0,,,,0,0,0,0,54
INC-20221019-0143,Fire,Structure Fire,4,Seattle,WA,2022-10-19T09:00,2022-10-19T11:00,2,5608,6,0,1,1,0,,,,1,41868,0,6,3
INC-20231226-0144,Weather,Tropical Storm,2,Miami,FL,2023-12-26T07:00,2024-01-02T19:00,180,2978,0,0,0,0,0,77,13.31,72,0,0,0,7,8
INC-20231123-0147,Fire,Brush Fire,3,Phoenix,AZ,2023-11-23T16:00,2023-11-27T08:00,88,2631,3,0,137,34,326.6,,,,0,0,0,4,2
INC-20240811-0148,Fire,High-Rise Fire,4,Portland,OR,2024-08-11T22:00,2024-08-12T17:00,19,3596,11,11,12,10,0,,,,0,0,0,12,1
INC-20241119-0149,Public Health,Mass Casualty,3,Miami,FL,2024-11-19T06:00,2024-11-23T01:00,91,420,5,0,0,0,0,,,,0,0,0,0,23
INC-20221215-0150,Public Health,Hospital Surge,2,Miami,FL,2022-12-15T07:00,2022-12-25T01:00,234,954,12,0,0,0,0,,,,0,0,0,0,46
INC-20220902-0151,Infrastructure,Water Main Break,1,Sacramento,CA,2022-09-02T08:00,2022-09-05T08:00,72,1352,0,0,0,0,0,,,,0,0,0,0,4
INC-20221101-0152,Fire,Vehicle Fire,2,Las Vegas,NV,2022-11-01T17:00,2022-11-02T00:00,7,1176,5,0,0,0,0,,,,0,0,0,3,2
INC-20240318-0153,Infrastructure,Bridge Collapse,4,Austin,TX,2024-03-18T20:00,2024-03-19T23:00,27,6560,3,1,0,0,0,,,,0,0,0,0,8
INC-20221008-0154,Public Health,Mass Casualty,4,San Diego,CA,2022-10-08T03:00,2022-10-12T20:00,113,1204,7,0,0,0,0,,,,0,0,0,0,50
INC-20230817-0155,Fire,Structure Fire,3,Chicago,IL,2023-08-17T21:00,2023-08-18T01:00,4,5718,4,0,7,5,0,,,,0,0,1,5,3
INC-20230626-0157,Weather,River Flood,2,Seattle,WA,2023-06-26T00:00,2023-06-29T16:00,88,146,9,0,0,0,0,40,9.23,55,0,0,0,0,10
INC-20240306-0158,Public Health,Mass Casualty,4,Chicago,IL,2024-03-06T01:00,2024-03-16T01:00,240,568,9,0,0,0,0,,,,0,0,0,0,78
INC-20230607-0159,Infrastructure,Power Outage,3,Chicago,IL,2023-06-07T13:00,2023-06-08T13:00,24,1719,10,0,0,0,0,,,,0,0,0,0,0
INC-20221230-0162,Weather,Severe Thunderstorm,2,Seattle,WA,2022-12-30T21:00,2022-12-31T13:00,16,1610,0,0,0,0,0,62,1.47,75,0,0,0,0,6
INC-20230226-0163,Infrastructure,Cyber Outage,2,Charlotte,NC,2023-02-26T23:00,2023-03-01T15:00,64,2484,8,0,0,0,0,,,,0,0,0,0,7
INC-20220323-0164,Weather,River Flood,2,Sacramento,CA,2022-03-23T07:00,2022-03-25T08:00,49,3190,6,0,0,0,0,28,11.57,63,0,0,0,0,9
INC-20240823-0165,Public Health,Hospital Surge,3,Portland,OR,2024-08-23T12:00,2024-08-26T03:00,63,2352,8,0,0,0,0,,,,0,0,0,0,65
INC-20221014-0167,Fire,High-Rise Fire,3,Boston,MA,2022-10-14T06:00,2022-10-16T06:00,48,693,9,0,12,0,0,,,,0,0,0,15,4
INC-20230909-0168,Weather,Tornado,2,Nashville,TN,2023-09-09T03:00,2023-09-09T07:00,4,3918,0,0,0,0,0,53,0.91,65,0,0,0,0,8
INC-20220315-0169,Infrastructure,Water Main Break,1,Las Vegas,NV,2022-03-15T02:00,2022-03-16T22:00,44,1437,1,0,0,0,0,,,,0,0,0,0,4
INC-20220316-0170,Infrastructure,Water Main Break,2,Charlotte,NC,2022-03-16T10:00,2022-03-16T12:00,2,2730,1,0,0,0,0,,,,0,0,0,0,2
INC-20231030-0171,Infrastructure,Damaged Gas Line,3,Denver,CO,2023-10-30T18:00,2023-10-31T07:00,13,2307,3,0,0,0,0,,,,0,0,0,0,7
INC-20220726-0172,Public Health,Mass Casualty,3,Charlotte,NC,2022-07-26T08:00,2022-07-27T11:00,27,2571,9,0,0,0,0,,,,0,0,0,0,22
INC-20240721-0174,Infrastructure,Power Outage,3,Phoenix,AZ,2024-07-21T16:00,2024-07-22T19:00,27,5154,3,0,0,0,0,,,,0,0,0,0,8
INC-20220603-0175,Fire,Brush Fire,4,Las Vegas,NV,2022-06-03T15:00,2022-06-04T18:00,27,6252,6,0,199,6,617.5,,,,0,0,0,4,2
INC-20241015-0176,Weather,Hurricane,4,San Diego,CA,2024-10-15T04:00,2024-10-20T03:00,119,2520,11,0,0,0,0,112,17.45,89,0,0,1,11,19
INC-20231205-0177,Public Health,Mass Casualty,4,Charlotte,NC,2023-12-05T12:00,2023-12-06T10:00,22,1148,8,0,0,0,0,,,,0,0,1,0,36
INC-20231121-0178,Public Health,Heat Illness Surge,4,Denver,CO,2023-11-21T15:00,2023-11-28T15:00,168,2020,4,0,0,0,0,,,,0,0,0,0,52
INC-20220207-0179,Fire,High-Rise Fire,4,Denver,CO,2022-02-07T11:00,2022-02-07T18:00,7,7944,8,4,5,5,0,,,,1,40836,0,10,1
INC-20230422-0180,Infrastructure,Damaged Gas Line,4,Denver,CO,2023-04-22T02:00,2023-04-23T12:00,34,4304,10,0,0,0,0,,,,0,0,0,0,0
INC-20230405-0181,Infrastructure,Power Outage,2,Seattle,WA,2023-04-05T03:00,2023-04-08T14:00,83,2706,2,0,0,0,0,,,,0,0,0,0,8
INC-20240613-0182,Weather,Hurricane,4,Sacramento,CA,2024-06-13T20:00,2024-06-17T14:00,90,6072,1,12,0,0,0,123,16.69,78,0,0,0,4,27
INC-20240612-0183,Weather,River Flood,2,Atlanta,GA,2024-06-12T12:00,2024-06-15T08:00,68,1276,0,0,0,0,0,28,3.87,58,0,0,0,0,7
INC-20230212-0184,Infrastructure,Cyber Outage,3,Charlotte,NC,2023-02-12T08:00,2023-02-12T16:00,8,1260,9,0,0,0,0,,,,0,0,0,0,7
INC-20230304-0185,Public Health,Hospital Surge,2,Boston,MA,2023-03-04T21:00,2023-03-05T04:00,7,3188,6,0,0,0,0,,,,0,0,0,0,64
INC-20230608-0186,Infrastructure,Damaged Gas Line,2,Chicago,IL,2023-06-08T08:00,2023-06-08T14:00,6,3910,8,0,0,0,0,,,,0,0,0,0,3
INC-20220626-0187,Public Health,Disease Outbreak,2,San Diego,CA,2022-06-26T00:00,2022-06-30T08:00,104,286,5,0,0,0,0,,,,0,0,0,0,43
INC-20230506-0188,Public Health,Heat Illness Surge,3,Miami,FL,2023-05-06T11:00,2023-05-08T11:00,48,2508,3,0,0,0,0,,,,0,0,0,0,33
INC-20230528-0189,Public Health,Mass Casualty,4,Seattle,WA,2023-05-28T06:00,2023-06-05T17:00,203,432,5,12,0,0,0,,,,0,0,0,0,50
INC-20230729-0190,Fire,High-Rise Fire,2,Portland,OR,2023-07-29T15:00,2023-07-31T13:00,46,2890,0,0,3,3,0,,,,0,0,0,9,1
INC-20240914-0192,Fire,Wildland Fire,4,Miami,FL,2024-09-14T21:00,2024-09-18T15:00,90,2464,14,0,223,2,1107,,,,1,47660,0,4,2
INC-20230413-0193,Fire,Hazmat Fire,3,Denver,CO,2023-04-13T22:00,2023-04-14T00:00,2,1698,8,0,0,0,0,,,,0,0,1,3,3
INC-20240819-0195,Public Health,Mass Casualty,4,Portland,OR,2024-08-19T23:00,2024-08-27T08:00,177,5676,7,0,0,0,0,,,,0,0,0,0,54
INC-20240528-0196,Fire,Structure Fire,3,Nashville,TN,2024-05-28T10:00,2024-05-28T19:00,9,5370,4,0,3,0,0,,,,0,0,0,6,2
INC-20220103-0199,Fire,Industrial Fire,3,Seattle,WA,2022-01-03T23:00,2022-01-05T01:00,26,1821,0,0,9,8,0,,,,0,0,0,8,1
INC-20220528-0200,Weather,River Flood,4,Boston,MA,2022-05-28T03:00,2022-05-29T02:00,23,4860,6,8,0,0,0,34,8.24,72,0,0,0,0,26
INC-20230613-0201,Weather,Tropical Storm,3,Miami,FL,2023-06-13T22:00,2023-06-20T07:00,153,3771,10,0,0,0,0,85,9.16,78,0,0,0,10,12
INC-20231119-0202,Weather,Tornado,3,Sacramento,CA,2023-11-19T23:00,2023-11-21T22:00,47,2979,0,0,0,0,0,93,4.21,89,0,0,0,0,24
INC-20220326-0203,Public Health,Hospital Surge,3,Denver,CO,2022-03-26T16:00,2022-03-29T02:00,58,5031,2,0,0,0,0,,,,0,0,0,0,25
INC-20230605-0204,Public Health,Mass Casualty,5,Minneapolis,MN,2023-06-05T23:00,2023-06-10T15:00,112,3250,10,0,0,0,0,,,,0,0,0,0,68
INC-20220831-0205,Public Health,Heat Illness Surge,2,Austin,TX,2022-08-31T05:00,2022-09-02T10:00,53,508,3,0,0,0,0,,,,0,0,0,0,16
INC-20230328-0206,Public Health,Mass Casualty,5,Nashville,TN,2023-03-28T07:00,2023-04-05T02:00,187,9555,9,0,0,0,0,,,,0,0,0,0,82
INC-20240704-0210,Fire,Industrial Fire,3,Phoenix,AZ,2024-07-04T05:00,2024-07-06T04:00,47,3333,8,0,12,12,0,,,,0,0,1,16,1
INC-20240225-0211,Public Health,Mass Casualty,4,Miami,FL,2024-02-25T00:00,2024-03-05T23:00,239,5200,5,0,0,0,0,,,,0,0,0,0,58
INC-20241210-0212,Fire,High-Rise Fire,3,Atlanta,GA,2024-12-10T08:00,2024-12-12T02:00,42,2718,7,0,7,6,0,,,,0,0,0,17,4
INC-20240126-0213,Public Health,Mass Casualty,4,Denver,CO,2024-01-26T17:00,2024-01-28T06:00,37,3268,0,0,0,0,0,,,,0,0,1,0,71
INC-20220905-0214,Weather,Tropical Storm,2,Denver,CO,2022-09-05T14:00,2022-09-14T14:00,216,1908,2,0,0,0,0,132,11.89,77,0,0,0,4,9
INC-20240421-0215,Infrastructure,Bridge Collapse,3,Boston,MA,2024-04-21T12:00,2024-04-25T06:00,90,2268,6,0,0,0,0,,,,0,0,0,0,0
INC-20230506-0216,Infrastructure,Bridge Collapse,3,Portland,OR,2023-05-06T19:00,2023-05-10T11:00,88,2871,1,0,0,0,0,,,,0,0,0,0,2
INC-20230520-0220,Fire,High-Rise Fire,3,Austin,TX,2023-05-20T09:00,2023-05-20T15:00,6,4890,3,0,8,0,0,,,,0,0,1,17,3
INC-20231204-0222,Weather,Tropical Storm,3,Miami,FL,2023-12-04T12:00,2023-12-07T18:00,78,3726,5,0,0,0,0,79,9.46,78,0,0,0,2,23
INC-20220318-0223,Fire,Vehicle Fire,3,Atlanta,GA,2022-03-18T08:00,2022-03-18T13:00,5,2520,2,0,0,0,0,,,,0,0,1,1,2
INC-20241113-0224,Weather,Extreme Cold,3,Nashville,TN,2024-11-13T21:00,2024-11-21T12:00,183,4479,3,0,0,0,0,43,0.69,9,0,0,0,0,20
INC-20240406-0225,Infrastructure,Water Main Break,1,Portland,OR,2024-04-06T17:00,2024-04-07T17:00,24,89,4,0,0,0,0,,,,0,0,0,0,10
INC-20230729-0226,Infrastructure,Cyber Outage,2,Portland,OR,2023-07-29T08:00,2023-07-29T15:00,7,3862,1,0,0,0,0,,,,0,0,0,0,5
INC-20230122-0227,Weather,Tropical Storm,4,Boston,MA,2023-01-22T18:00,2023-01-26T11:00,89,6504,11,0,0,0,0,98,13.78,90,1,73164,0,11,13
INC-20240418-0230,Infrastructure,Damaged Gas Line,3,San Diego,CA,2024-04-18T06:00,2024-04-22T03:00,93,4782,7,0,0,0,0,,,,0,0,0,0,10
INC-20240121-0232,Fire,Wildland Fire,4,Phoenix,AZ,2024-01-21T09:00,2024-01-23T13:00,52,5004,11,0,1,0,388.8,,,,0,0,0,2,3
INC-20230428-0234,Public Health,Heat Illness Surge,2,Minneapolis,MN,2023-04-28T02:00,2023-05-05T19:00,185,400,0,0,0,0,0,,,,0,0,0,0,18
INC-20220418-0236,Fire,Wildland Fire,5,Minneapolis,MN,2022-04-18T03:00,2022-04-21T17:00,86,9855,13,0,126,17,735.5,,,,1,29635,1,6,1
INC-20220117-0237,Public Health,Mass Casualty,4,Boston,MA,2022-01-17T03:00,2022-01-21T10:00,103,5056,9,0,0,0,0,,,,0,0,0,0,59
INC-20230701-0238,Public Health,Disease Outbreak,3,Chicago,IL,2023-07-01T22:00,2023-07-06T23:00,121,3567,3,0,0,0,0,,,,0,0,0,0,36
INC-20220114-0239,Weather,Ice Storm,3,San Diego,CA,2022-01-14T07:00,2022-01-17T00:00,65,5247,0,0,0,0,0,50,2.16,15,0,0,1,0,25
INC-20221221-0240,Infrastructure,Bridge Collapse,3,Seattle,WA,2022-12-21T16:00,2022-12-23T16:00,48,1611,11,0,0,0,0,,,,0,0,0,0,1
INC-20231217-0244,Fire,Brush Fire,2,Phoenix,AZ,2023-12-17T09:00,2023-12-18T06:00,21,2702,0,0,0,0,402.6,,,,0,0,0,3,3
INC-20230827-0246,Weather,Tropical Storm,3,Atlanta,GA,2023-08-27T06:00,2023-09-01T03:00,117,93,4,0,0,0,0,50,11.42,92,0,0,0,6,23
INC-20230717-0247,Public Health,Hospital Surge,4,Atlanta,GA,2023-07-17T03:00,2023-07-21T14:00,107,5328,5,0,0,0,0,,,,0,0,0,0,64
INC-20220907-0248,Weather,Tropical Storm,3,Chicago,IL,2022-09-07T01:00,2022-09-11T03:00,98,2811,7,0,0,0,0,84,14.61,83,0,0,1,6,12
INC-20230523-0249,Public Health,Heat Illness Surge,4,Chicago,IL,2023-05-23T01:00,2023-05-30T17:00,184,6948,8,0,0,0,0,,,,0,0,1,0,27
INC-20220616-0250,Infrastructure,Power Outage,2,Denver,CO,2022-06-16T12:00,2022-06-18T15:00,51,3040,5,0,0,0,0,,,,0,0,0,0,7
